1,2017 泰国曼谷会议,2017-07-15,/2017mgjb/34783.jhtml,"""10+1""：贸易、投资与金融合作"
2,2017 泰国曼谷会议,2017-07-15,/2017mgjb/34782.jhtml,基础设施与产能合作
3,2017 泰国曼谷会议,2017-07-15,/2017mgjb/34781.jhtml,亚洲区域合作的未来
4,2017 泰国曼谷会议,2017-07-15,/2017mgdt/34780.jhtml,综述：博鳌亚洲论坛曼谷会议聚焦亚洲区域合作
5,2017 泰国曼谷会议,2017-07-12,/2017mgdt/34779.jhtml,李若谷在博鳌亚洲论坛曼谷会议期间接受记者群访
6,2017 泰国曼谷会议,2017-07-12,/2017mgdt/34773.jhtml,张晓强：中国-东盟自贸区各应坚持自身发展特色增加合作深度
7,2017 泰国曼谷会议,2017-07-12,/2017mgdt/34772.jhtml,泽田康幸：中国-东盟自贸区各国差异巨大，但仍需坚持开放
8,2017 泰国曼谷会议,2017-07-12,/2017mgdt/34771.jhtml,陈智深：东盟可通过与金融机构的合作实现基础设施建设需求
9,2017 泰国曼谷会议,2017-07-12,/2017mgdt/34761.jhtml,李若谷：以人民币或本土货币投资将大大提高投资便利程度
10,2017 泰国曼谷会议,2017-07-12,/2017mgdt/34749.jhtml,李若谷：实现中国-东盟双边贸易额2020年达到一万亿的发展目标应坚持两个必须
11,2017 泰国曼谷会议,2017-07-12,/2017mgdt/34748.jhtml,李金友：东盟-中国合作还需关注中小企业
12,2017 泰国曼谷会议,2017-07-12,/2017mgdt/34747.jhtml,李金友：电子商务应是东盟-中国双边贸易的一个重要议题
13,2017 泰国曼谷会议,2017-07-12,/2017mgdt/34746.jhtml,王英杰：丝路基金重点聚焦四个领域
14,2017 泰国曼谷会议,2017-07-12,/2017mgdt/34745.jhtml,卡尼・升素潘：亚洲在科技创新领域合作潜力巨大
15,2017 泰国曼谷会议,2017-07-12,/2017mgdt/34760.jhtml,李沃文：企业界投资风险是下一步重要议题
16,2017 泰国曼谷会议,2017-07-12,/2017mgdt/34759.jhtml,林铮：“一带一路”是一种“走出去”的发展模式
17,2017 泰国曼谷会议,2017-07-12,/2017mgdt/34744.jhtml,林铮：数字互联互通十分重要
18,2017 泰国曼谷会议,2017-07-12,/2017mgdt/34758.jhtml,林铮：企业投资要有远见
19,2017 泰国曼谷会议,2017-07-12,/2017mgdt/34757.jhtml,金立群：“亚投行”不是中国的银行
20,2017 泰国曼谷会议,2017-07-12,/2017mgdt/34756.jhtml,金立群：一个廉洁、强有力的政府对外国投资更有吸引力
21,2017 泰国曼谷会议,2017-07-12,/2017mgdt/34755.jhtml,金立群：基础设施产品具有特殊性
22,2017 泰国曼谷会议,2017-07-12,/2017mgdt/34754.jhtml,金立群：全球化不可逆转，所有人必须通过全球化考验
23,2017 泰国曼谷会议,2017-07-12,/2017mgdt/34753.jhtml,金立群：基础设施建设拉动全球经济
24,2017 泰国曼谷会议,2017-07-12,/2017mgdt/34752.jhtml,金立群：世界为什么需要亚投行？
25,2017 泰国曼谷会议,2017-07-12,/2017mgdt/34743.jhtml,中泰企业家举行闭门对话会
26,2017 泰国曼谷会议,2017-07-11,/2017mgdt/34751.jhtml,杨元庆：让人民群众了解并参与全球化
27,2017 泰国曼谷会议,2017-07-11,/2017mgdt/34730.jhtml,杨元庆：全球化要注重多个方面发展
28,2017 泰国曼谷会议,2017-07-11,/2017mgdt/34729.jhtml,尤素夫・瓦南迪：应继续并升级全球开放的经济合作机制
29,2017 泰国曼谷会议,2017-07-11,/2017mgdt/34742.jhtml,西潘纳：深化湄公河流域的合作对流域内各个国家都有好处
30,2017 泰国曼谷会议,2017-07-11,/2017mgdt/34728.jhtml,金正宽：贸易保护主义也会对美国产生副作用
31,2017 泰国曼谷会议,2017-07-11,/2017mgdt/34727.jhtml,陈德铭：中国东盟之间可重点推动跨境电子商务贸易发展
32,2017 泰国曼谷会议,2017-07-11,/2017mgdt/34741.jhtml,陈德铭：未来的全球化应是一种新的全球化
33,2017 泰国曼谷会议,2017-07-11,/2017mgdt/34726.jhtml,陈德铭：亚洲现状发展极度不平衡，亚洲区域一体化最容易从东盟和RCEP开始
34,2017 泰国曼谷会议,2017-07-11,/2017mgdt/34725.jhtml,素帕猜：全球应建立更加平等的对话机制
35,2017 泰国曼谷会议,2017-07-11,/2017mgdt/34724.jhtml,素帕猜：全球化负面影响可以理解
36,2017 泰国曼谷会议,2017-07-11,/2017mgdt/34723.jhtml,敦・帕马威奈：以互相尊重、合作共赢的方式推动亚洲区域合作进程
37,2017 泰国曼谷会议,2017-07-11,/2017mgdt/34737.jhtml,曾培炎：在全球化调整中深化亚洲区域合作
38,2017 泰国曼谷会议,2017-07-11,/2017mgdt/34734.jhtml,林铮：希望亚洲区域合作为域内国家发展带来契机
39,2017 泰国曼谷会议,2017-07-11,/2017mgdt/34731.jhtml,素拉杰：亚洲区域合作应不断深化
40,2017 泰国曼谷会议,2017-07-11,/2017mgdt/34689.jhtml,周文重：博鳌亚洲论坛举办亚洲区域合作会议的三点考虑
41,2017 泰国曼谷会议,2017-07-11,/2017mgdt/34687.jhtml,博鳌亚洲论坛曼谷会议开幕
42,2017 泰国曼谷会议,2017-07-11,/2017mgdt/34697.jhtml,周文重：博鳌亚洲论坛为各方提供了一个高层对话平台
43,2017 泰国曼谷会议,2017-07-11,/2017mgdt/34686.jhtml,宁赋魁：“一带一路”倡议将为亚洲区域合作提供更广阔的空间和更多机遇
44,2017 泰国曼谷会议,2017-07-11,/2017mgdt/34685.jhtml,素拉杰：博鳌亚洲论坛影响力日益扩大
45,2017 泰国曼谷会议,2017-07-11,/2017mgdt/34696.jhtml,博鳌亚洲论坛曼谷会议举行欢迎晚宴
46,2017 泰国曼谷会议,2017-07-11,/2017mgdt/34695.jhtml,区域合作主题广受欢迎  博鳌亚洲论坛平台十分重要
47,2017 泰国曼谷会议,2017-07-08,/2017mgdt/34636.jhtml,亚洲区域合作：挑战孕育机遇，合作共渡难关
48,2017 泰国曼谷会议,2017-06-13,/2017mgdt/34416.jhtml,博鳌亚洲论坛曼谷会议7月上线，这场会为什么如此重要？
49,2017年会,2017,/2017nhhydt/32175.jhtml,・ 中国国家主席习近平向博鳌亚洲论坛2017年年会发来贺信
50,2017年会,2017,/2017nhhydt/32864.jhtml,・ 中国国务院副总理张高丽在博鳌亚洲论坛2017年年会开幕式上的主旨演讲（全...
51,2017年会,2017,/2017nhhydt/33296.jhtml,・ 博鳌亚洲论坛关于促进经济全球化的宣言
52,2017年会,2017,/2017nhhydt/33667.jhtml,・ 李淳寅：设计的核心价值：满足真正的需求
53,2017年会,2017,/2017nhhydt/33666.jhtml,・ 柳冠中：创新设计应该保持平静和内观，不能盲目跟风
54,2017年会,2017,/2017nhhydt/33665.jhtml,・ Hartmut Esslinger：创新设计离不开教育
55,2017年会,2017,/2017nhhydt/33664.jhtml,・  Tony SACRE：要把互联网金融技术加入到交易
56,2017年会,2017,/2017nhhydt/33663.jhtml,・ 孙杰：不干预中国市场在具体工作中不现实
57,2017年会,2017,/2017nhhydt/33662.jhtml,・ Jim STONE：不能把资本市场当成赌场
58,2017年会,2017,/2017nhhydt/33661.jhtml,・ 胡祖六：发挥资本市场功能的三个关键点
59,2017年会,2017,/2017nhhydt/33660.jhtml,・ 孙玮:吸引外资需要解决的三个问题
60,2017年会,2017,/2017nhhydt/33659.jhtml,・ 李迅雷：很少有人计算改革延后的时间代价
61,2017年会,2017,/2017nhhydt/33658.jhtml,・ 李迅雷：资本市场不应刻意强调某项功能
62,2017年会,2017,/2017nhhydt/33657.jhtml,・ 吴晓求：资本市场的三个历史教训
63,2017年会,2017,/2017nhhydt/33656.jhtml,・ 吴晓求:注册制和核准制的主要差别是权责匹配机制不同
64,2017年会,2017,/2017nhhydt/33655.jhtml,・ 新加坡国立大学黄靖：形势比人强  中美更需要彼此
65,2017年会,2017,/2017nhhydt/33654.jhtml,・ 林毅夫：美国正在尝试走向孤独的经济体
66,2017年会,2017,/2017nhhydt/33653.jhtml,・ 美国前商务部长：特朗普喜欢双边协定  不喜欢多边协定
67,2017年会,2017,/2017nhhydt/33652.jhtml,・ 澳大利亚前外长Bob CARR：特朗普只会Twitter发消息 还爱撒谎
68,2017年会,2017,/2017nhhydt/33651.jhtml,・ 新加坡国立大学黄靖：美国有90个大使职位空缺 不可思议
69,2017年会,2017,/2017nhhydt/33645.jhtml,・ 林昭宪：房地产泡沫目前处于可控和微热发展阶段
70,2017年会,2017,/2017nhhydt/33644.jhtml,・ Chris MARLIN：美国房地产泡沫破灭时政府并没有调控
71,2017年会,2017,/2017nhhydt/33643.jhtml,・ 李迅雷：房价由两个“流”决定
72,2017年会,2017,/2017nhhydt/33642.jhtml,・ 贾康：楼市泡沫，破了才知道什么量值以上属于泡沫
73,2017年会,2017,/2017nhhydt/33641.jhtml,・ 吴晓求：中国楼市泡沫会破，但是有一个滞后。
74,2017年会,2017,/2017nhhydt/33640.jhtml,・ 陈志武：次贷危机令中国受益，需警惕杠杆率提升
75,2017年会,2017,/2017nhhydt/33639.jhtml,・ 范凌：人工智能真的能取代设计师吗？
76,2017年会,2017,/2017nhhydt/33638.jhtml,・ 唐万里：分享经济就是让大家更信任彼此
77,2017年会,2017,/2017nhhydt/33637.jhtml,・ 周小川：长期改革的三个关注点
78,2017年会,2017,/2017nhhydt/33636.jhtml,・ 周小川：数字化背景下，负利率比直升机撒钱更有效
79,2017年会,2017,/2017nhhydt/33635.jhtml,・ Shaukat AZIZ：货币政策只能帮助你出门，但是不会帮助你到达目的地
80,2017年会,2017,/2017nhhydt/33634.jhtml,・ Shaukat AZIZ：结构性改革是痛苦的，但是要有信心
81,2017年会,2017,/2017nhhydt/33633.jhtml,・ Shaukat AZIZ:结构性改革的四个注意点
82,2017年会,2017,/2017nhhydt/33632.jhtml,・ Ian JOHNSTON：货币政策是一个回应性政策
83,2017年会,2017,/2017nhhydt/33631.jhtml,・ 李稻葵：货币政策就像喝咖啡
84,2017年会,2017,/2017nhhydt/33630.jhtml,・ Hans-Paul Bürkner：要客观审视次贷危机后的财政政策与货币政策
85,2017年会,2017,/2017nhhydt/33629.jhtml,・ 政井贵子：结构性改革需要很长时间
86,2017年会,2017,/2017nhhydt/33628.jhtml,・ 宫内义彦：企业需建立更加稳健的资本结构
87,2017年会,2017,/2017nhhydt/33627.jhtml,・ Hartmut Esslinger：从中国元素中攫取灵感
88,2017年会,2017,/2017nhhydt/33626.jhtml,・ 张晓梅：个性化城市的五个共同点
89,2017年会,2017,/2017nhhydt/33625.jhtml,・ Atul Dalakoti：在全球化和区域合作中，光增加贸易额没有太大帮助，必须...
90,2017年会,2017,/2017nhhydt/33624.jhtml,・ 刘卿：既要看到区域合作中好的正面情况，也要留意面对的挑战
91,2017年会,2017,/2017nhhydt/33623.jhtml,・ Dattesh Parulekar：成就的长久性才能衡量经济合作的成功程度
92,2017年会,2017,/2017nhhydt/33622.jhtml,・ Dattesh Parulekar：保证各国在参与经济合作过程中互惠互利、公平公正
93,2017年会,2017,/2017nhhydt/33621.jhtml,・ Aziz Nosirov：上海精神是上合组织的核心原则和灵魂
94,2017年会,2017,/2017nhhydt/33620.jhtml,・ 杨厚兰：中日韩三国合作潜力巨大，需加强政治安全互信及其社会基础
95,2017年会,2017,/2017nhhydt/33619.jhtml,・ 宫建伟：亚信注意提升亚洲互信，弥补亚洲区域合作间的裂痕
96,2017年会,2017,/2017nhhydt/33618.jhtml,・ 宫建伟：把金融危机的罪责归咎于全球化与现实不符，也解决不了问题
97,2017年会,2017,/2017nhhydt/33617.jhtml,・ 黎良明：东盟诊视区域论坛和东盟峰会对话机制
98,2017年会,2017,/2017nhhydt/33616.jhtml,・ 常军红：应清晰传达信号，继续推进全球区域的多边主义
99,2017年会,2017,/2017nhhydt/33615.jhtml,・ RASTAM Mohd ISA：中国和东盟有很多共同的目标
100,2017年会,2017,/2017nhhydt/33614.jhtml,・ RASTAM Mohd ISA：东盟国家将在今年迎来50周年岁的生日
101,2017年会,2017,/2017nhhydt/33613.jhtml,・ James LAURENCESON：澳大利亚政府对中国的“一带一路”持谨慎态度，但最...
102,2017年会,2017,/2017nhhydt/33612.jhtml,・ James LAURENCESON：贸易成本或者非关税贸易成本不降反升
103,2017年会,2017,/2017nhhydt/33610.jhtml,・ 郑永年：南海问题应当放到“一带一路”的框架里面去谈
104,2017年会,2017,/2017nhhydt/33608.jhtml,・ 刘正福：中韩关系要面向未来，共同发展
105,2017年会,2017,/2017nhhydt/33609.jhtml,・ 吴士存：以21世纪海上丝绸之路建设为契机，构建泛南海经济合作圈
106,2017年会,2017,/2017nhhydt/33607.jhtml,・ Gus DESBARATS：无印良品成功的秘诀
107,2017年会,2017,/2017nhhydt/33606.jhtml,・ 吴士存：合作已经成为当前南海地区形势发展的主旋律
108,2017年会,2017,/2017nhhydt/33605.jhtml,・ 朱钦骐：好的设计是不分国界的
109,2017年会,2017,/2017nhhydt/33604.jhtml,・ 朱云来：国家应系统设计海外投资的战略和政策
110,2017年会,2017,/2017nhhydt/33601.jhtml,・ 张伟：中国海外投资也要避免无序竞争
111,2017年会,2017,/2017nhhydt/33592.jhtml,・ 吴小晖：中国海外投资增长是经济发展内在规律
112,2017年会,2017,/2017nhhydt/33584.jhtml,・    李怀珍：中国加强海外投资监管对真实投资没有影响
113,2017年会,2017,/2017nhhydt/33576.jhtml,・ 金秀咿：加拿大养老资金会加大对中国的投资布局
114,2017年会,2017,/2017nhhydt/33568.jhtml,・ 高西庆： 中国企业“走出去”意愿急迫
115,2017年会,2017,/2017nhhydt/33556.jhtml,・ 周文重：博鳌亚洲论坛发布关于促进经济全球化的宣言
116,2017年会,2017,/2017nhhydt/33552.jhtml,・ 周文重：欢迎大家积极参与博鳌亚洲论坛胡志明市会议
117,2017年会,2017,/2017nhhydt/33550.jhtml,・ 周文重：全球化要有更大包容性 不能开倒车
118,2017年会,2017,/2017nhhydt/33547.jhtml,・ 周文重：博鳌亚洲论坛2017年年会圆满落幕
119,2017年会,2017,/2017nhhydt/33442.jhtml,・ 班德塔：心怀仁慈，和平共存
120,2017年会,2017,/2017nhhydt/33408.jhtml,・ 恩高：中老两国友好共生
121,2017年会,2017,/2017nhhydt/33383.jhtml,・ 帕玛斯提：团结是解决问题和化解冲突的源泉
122,2017年会,2017,/2017nhhydt/33371.jhtml,・ 狄旺：友谊和团结为我们带来幸福
123,2017年会,2017,/2017nhhydt/33351.jhtml,・ 释日慈：拥有纯净的灵魂和善良的心，克服生命中的困扰和苦难
124,2017年会,2017,/2017nhhydt/33350.jhtml,・ 董晓莉：城市管理者需从三个维度着手，成就城市个性
125,2017年会,2017,/2017nhhydt/33349.jhtml,・ 王晓峰：摩拜单车，让生活“脱虚向实”
126,2017年会,2017,/2017nhhydt/33348.jhtml,・ 印顺：在快速奔跑的时代，我们应心有所宿、魂有所安
127,2017年会,2017,/2017nhhydt/33347.jhtml,・ 董晓莉：青岛五个维度的美，塑造出自己的“个性”
128,2017年会,2017,/2017nhhydt/33291.jhtml,・ 华商领袖与华人智库圆桌
129,2017年会,2017,/2017nhhydt/33290.jhtml,・ 林毅夫：供给侧改革与产业政策应相辅相成
130,2017年会,2017,/2017nhhydt/33286.jhtml,・ 李建华：未来要推广“轻资产”的生活方式
131,2017年会,2017,/2017nhhydt/33281.jhtml,・ 赖小民：两岸经贸合作的三个观点
132,2017年会,2017,/2017nhhydt/33274.jhtml,・ 徐涛：知识产权是未来产业竞争的关键
133,2017年会,2017,/2017nhhydt/33272.jhtml,・ 李稻葵：总需求刺激是“开胃”，供给侧改革是“补肾”
134,2017年会,2017,/2017nhhydt/33271.jhtml,・ 黄炜：共享经济会提升民众整体信用水平
135,2017年会,2017,/2017nhhydt/33270.jhtml,・ Robert KOOPMAN：供给侧改革的主要挑战是提高供给效率
136,2017年会,2017,/2017nhhydt/33268.jhtml,・ 李建明：新时期大陆发展的五点新机遇
137,2017年会,2017,/2017nhhydt/33256.jhtml,・ 黄炜：能否提升供需两端资源使用率是共享经济主要衡量标准
138,2017年会,2017,/2017nhhydt/33240.jhtml,・ 龙永图：供给问题已经成为中国经济主要矛盾
139,2017年会,2017,/2017nhhydt/33239.jhtml,・ 利明献：台湾与大陆合作新方向
140,2017年会,2017,/2017nhhydt/33226.jhtml,・ 金融领袖圆桌
141,2017年会,2017,/2017nhhydt/33201.jhtml,・ 戴威：共享经济要持续发展就要选择相信用户
142,2017年会,2017,/2017nhhydt/33169.jhtml,・ 胡祖六：警惕外部民粹主义和贸易保护主义的诱惑
143,2017年会,2017,/2017nhhydt/33168.jhtml,・ 戴威：共享经济平台要勇于担责 要相信政府
144,2017年会,2017,/2017nhhydt/33166.jhtml,・ 戴威： “只使用不占有”是分享经济的根本特性 
145,2017年会,2017,/2017nhhydt/33153.jhtml,・ 陈罡：面对共享经济 信任天然不是问题
146,2017年会,2017,/2017nhhydt/33145.jhtml,・ Bundit Limschoon：“一带一路”倡议极大补充了亚洲地区的对话和合作平台
147,2017年会,2017,/2017nhhydt/33140.jhtml,・ Bundit Limschoon：一个国家单枪匹马没有办法应对贸易保护主义的死灰复燃...
148,2017年会,2017,/2017nhhydt/33131.jhtml,・ 杨秀萍：落实不同区域合作框架下达成的共识、加强亚洲区域合作组织之间的...
149,2017年会,2017,/2017nhhydt/33126.jhtml,・ 刘振民：新形势下亚洲区域合作应遵循的四项原则？
150,2017年会,2017,/2017nhhydt/33120.jhtml,・ 刘振民：中国积极参与和坚定推动亚洲合作的四大方向
151,2017年会,2017,/2017nhhydt/33114.jhtml,・ 刘振民：亚洲区域合作呼唤必要的政策调整、更高的政治智慧和更大的政治魄力
152,2017年会,2017,/2017nhhydt/33109.jhtml,・ 刘振民：亚洲区域合作的蓬勃展开为未来建设覆盖全亚洲的地区合作架构打下...
153,2017年会,2017,/2017nhhydt/33107.jhtml,・ 陈罡：共享经济要义即提升资源的共享效率
154,2017年会,2017,/2017nhhydt/33106.jhtml,・ 高尚德：大陆吸引外资有五个优势
155,2017年会,2017,/2017nhhydt/33105.jhtml,・ 刘洪宽：发改委三个文件创造公平投资环境
156,2017年会,2017,/2017nhhydt/33104.jhtml,・ 彭荫刚：海南赶超新加坡，创造世界级金融、旅游、贸易、交通枢纽中心
157,2017年会,2017,/2017nhhydt/33103.jhtml,・ 郑之杰：推进两岸经济社会融合发展三原则
158,2017年会,2017,/2017nhhydt/33102.jhtml,・ 林毅夫：应对经济下滑，积极财政政策比宽松货币政策更可取
159,2017年会,2017,/2017nhhydt/33101.jhtml,・ Paul SHEARD：美国次贷危机的两点教训
160,2017年会,2017,/2017nhhydt/33100.jhtml,・ 北大国家发展研究院教授刘国恩：当前迫切需要解决医生“上行”和“下行”...
161,2017年会,2017,/2017nhhydt/33095.jhtml,・ 北大国家发展研究院教授刘国恩：美国新医改方案看似政治斗争 实则反映了...
162,2017年会,2017,/2017nhhydt/33082.jhtml,・ 陈罡：发展共享经济 希望政府“管控更少一点 鼓励更多一点”
163,2017年会,2017,/2017nhhydt/33080.jhtml,・ 陈驰：在分享商业文明语境中 信用体系将重建
164,2017年会,2017,/2017nhhydt/33078.jhtml,・ 陈驰：分享经济重点关注资源共享效率和共享体验
165,2017年会,2017,/2017nhhydt/33076.jhtml,・ 美国参议院财政委员会前主席：美国退出TPP是个巨大的政治错误 或会出现“...
166,2017年会,2017,/2017nhhydt/33070.jhtml,・ 美国参议院财政委员会前主席：特朗普管理国家像管理企业一样 希望特朗普...
167,2017年会,2017,/2017nhhydt/32897.jhtml,・ 张茉楠：欧盟一体化出现早熟
168,2017年会,2017,/2017nhhydt/32896.jhtml,・ James  McCORMACK：吃多嚼不烂是欧盟面临的最大问题
169,2017年会,2017,/2017nhhydt/32895.jhtml,・ 李若谷：脱离欧盟后英国可能会更加开放
170,2017年会,2017,/2017nhhydt/32894.jhtml,・ 霍建国：英国脱欧不能说是全球化的逆转
171,2017年会,2017,/2017nhhydt/32893.jhtml,・ A.Didar  SINGH：英国脱欧给印度企业带来了麻烦
172,2017年会,2017,/2017nhhydt/32892.jhtml,・ Frederic  HANNEQUART：英国脱欧并非出于经济原因
173,2017年会,2017,/2017nhhydt/32891.jhtml,・ 于洪君：女性在“一带一路”的平台上大有可为
174,2017年会,2017,/2017nhhydt/32873.jhtml,・ Jonathan TAYLOR：欧洲投资银行将积极参与“一带一路”合作项目
175,2017年会,2017,/2017nhhydt/32872.jhtml,・ 王胜：21世纪海上丝绸之路岛屿经济体海洋经济发展与合作倡议出炉
176,2017年会,2017,/2017nhhydt/32871.jhtml,・ 王胜：21世纪海上丝绸之路岛屿经济体海洋经济发展与合作倡议出炉
177,2017年会,2017,/2017nhhydt/32865.jhtml,・ Andie Fong Toy:太平洋岛屿国家，不是小的脆弱经济体，而是大的海洋国家
178,2017年会,2017,/2017nhhydt/32859.jhtml,・ 彭荫刚：为海南发展提出具体建议
179,2017年会,2017,/2017nhhydt/32858.jhtml,・ James Edward RANDALL：对岛屿进行深入研究的五大方向
180,2017年会,2017,/2017nhhydt/32857.jhtml,・ 鲁白：人类已能做到人为刺激或抑制情绪的产生
181,2017年会,2017,/2017nhhydt/32856.jhtml,・ 王小川：未来，人类没有能力也没有动力为机器赋予生命
182,2017年会,2017,/2017nhhydt/32855.jhtml,・ 戴威：十余年后或将全面实现无人驾驶
183,2017年会,2017,/2017nhhydt/32854.jhtml,・ 陈罡：“云外脑”或将成为未来人类智能的延伸
184,2017年会,2017,/2017nhhydt/32853.jhtml,・ Son Tran :对于低收入人群有必要实行大规模生产
185,2017年会,2017,/2017nhhydt/32852.jhtml,・ Andie Fong Toy：太平洋地区看到“一带一路”带来的机遇
186,2017年会,2017,/2017nhhydt/32850.jhtml,・ Daniel SHIN: 电商跨境平台已经变成主流趋势
187,2017年会,2017,/2017nhhydt/32849.jhtml,・ Robert KOOPMAN: 大规模生产的定制化将成为可能
188,2017年会,2017,/2017nhhydt/32848.jhtml,・ Jenny SHIPLEY：希望各方能够履行以往达成的倡议，履行作为岛国保护海洋...
189,2017年会,2017,/2017nhhydt/32847.jhtml,・ 白石隆：要改变年轻一代人的生活预期
190,2017年会,2017,/2017nhhydt/32845.jhtml,・ 白石隆：中国在未来20年，也会走上重视投资的道路
191,2017年会,2017,/2017nhhydt/32846.jhtml,・ 山世光：无人驾驶在未来定将实现
192,2017年会,2017,/2017nhhydt/32844.jhtml,・ Ajit RANADE：印度的劳动法只能覆盖10%的劳动力人群
193,2017年会,2017,/2017nhhydt/32843.jhtml,・ Ajit RANADE：印度存在劳动力资源错配问题
194,2017年会,2017,/2017nhhydt/32842.jhtml,・ 李扬：中国面临着越来越短缺的劳动力供应问题
195,2017年会,2017,/2017nhhydt/32841.jhtml,・ 樊纲：中国劳动力市场短期与长期问题并存
196,2017年会,2017,/2017nhhydt/32840.jhtml,・ 樊纲：中国劳动力市场面临多重严峻问题
197,2017年会,2017,/2017nhhydt/32839.jhtml,・ Paolo BORZATTA：未来，人类的部分工作将会被高智能机器人取代
198,2017年会,2017,/2017nhhydt/32838.jhtml,・ Paolo BORZATTA：工业化革命4.0会给劳动力市场带来的巨大挑战和改变
199,2017年会,2017,/2017nhhydt/32837.jhtml,・ Stephen Mills BADGER：消费者多元化需求决定业态模式
200,2017年会,2017,/2017nhhydt/32836.jhtml,・ Manuel Caldeira CABRAL：积极回应“一带一路”倡议  共建海上丝路
201,2017年会,2017,/2017nhhydt/32835.jhtml,・ 陈德铭：便利店将会更多的深入人们的生活
202,2017年会,2017,/2017nhhydt/32834.jhtml,・ Jose CH Alvarez：期待与海南省结成友好省份后所带来的机遇
203,2017年会,2017,/2017nhhydt/32833.jhtml,・ 谢淑敏参加女性圆桌会议并致辞
204,2017年会,2017,/2017nhhydt/32832.jhtml,・ 中日CEO对话博鳌
205,2017年会,2017,/2017nhhydt/32831.jhtml,・ Eklil Ahmad HAKIMI：阿富汗积极参与“一带一路”
206,2017年会,2017,/2017nhhydt/32813.jhtml,・ 阿齐兹：女性在世界中的作用非常重要
207,2017年会,2017,/2017nhhydt/32751.jhtml,・ 商务部前部长陈德铭：线上线下融合是未来商业的趋势
208,2017年会,2017,/2017nhhydt/32750.jhtml,・ 姚劲波 : 线上电商优势依然存在 未来与线下平衡发展
209,2017年会,2017,/2017nhhydt/32726.jhtml,・ 王树彤 :技术将驱动便利店行业成未来商业蓝海
210,2017年会,2017,/2017nhhydt/32618.jhtml,・ Wade MACLAUCHLAN：“一带一路”是加拿大爱德华王子岛省成功的关键因素之一
211,2017年会,2017,/2017nhhydt/32617.jhtml,・ Paul SHEARD：中国的信贷与债务积压值得警醒
212,2017年会,2017,/2017nhhydt/32616.jhtml,・ Semi KOROILAVESAU：斐济希望加强与海南省合作，充分利用“一带一路”带...
213,2017年会,2017,/2017nhhydt/32615.jhtml,・ Leslie MAASDORP：单一的紧缩政策永远不可能奏效
214,2017年会,2017,/2017nhhydt/32614.jhtml,・ 吴红波：对待多边组织不能因噎废食
215,2017年会,2017,/2017nhhydt/32613.jhtml,・ 吴红波：全球经济亚健康的四个药方
216,2017年会,2017,/2017nhhydt/32612.jhtml,・ 张亚勤：人工智能并非重复与复杂的代名词
217,2017年会,2017,/2017nhhydt/32611.jhtml,・ 贾康：鼓励正常性资本输出，遏制恐慌性资本外逃
218,2017年会,2017,/2017nhhydt/32608.jhtml,・ 吴红波：经济政策需要按照国情进行设计
219,2017年会,2017,/2017nhhydt/32610.jhtml,・ 余磊：我国复合型绿色金融人才极度匮乏
220,2017年会,2017,/2017nhhydt/32609.jhtml,・ 张亚勤：未来人工智能是数字智能与生物智能的融合
221,2017年会,2017,/2017nhhydt/32607.jhtml,・ Leif JOHANSSON：创新需要把教育做得更好
222,2017年会,2017,/2017nhhydt/32606.jhtml,・ Leif JOHANSSON：政界的不确定性会导致企业界的不确定性
223,2017年会,2017,/2017nhhydt/32605.jhtml,・ 贾康：M2走高不代表存在系统性风险
224,2017年会,2017,/2017nhhydt/32604.jhtml,・ Leif JOHANSSON：多边协定是一种非常有效的方式
225,2017年会,2017,/2017nhhydt/32603.jhtml,・ Leif JOHANSSON：不要对欧盟过早失去信心
226,2017年会,2017,/2017nhhydt/32602.jhtml,・ 宫内义彦：国家未来要关注社会的质量
227,2017年会,2017,/2017nhhydt/32601.jhtml,・ 宫内义彦：日本私营部门要向外看
228,2017年会,2017,/2017nhhydt/32600.jhtml,・ 樊纲：解决经济问题要治本
229,2017年会,2017,/2017nhhydt/32598.jhtml,・ 樊纲：不能说经济高增长就是健康
230,2017年会,2017,/2017nhhydt/32599.jhtml,・ 王宏：关于推动中国与岛屿国家和地区海洋合作的四点建议
231,2017年会,2017,/2017nhhydt/32597.jhtml,・ 陈志武：可持续发展只是个抽象的概念
232,2017年会,2017,/2017nhhydt/32596.jhtml,・ 马骏：2016年中国境内外绿色债券达到2千万  一跃成为全球最大的绿色债券...
233,2017年会,2017,/2017nhhydt/32595.jhtml,・ 陈志武：自然增长应该主要靠基础体制的改革
234,2017年会,2017,/2017nhhydt/32594.jhtml,・ 陈志武：经济政策发挥效果的周期较长
235,2017年会,2017,/2017nhhydt/32593.jhtml,・ Carlos GUTIERREZ：美国银行应减少监管，加强执法
236,2017年会,2017,/2017nhhydt/32592.jhtml,・ 张首晟：乐观看待人工智能 借其让人类变得更聪明
237,2017年会,2017,/2017nhhydt/32590.jhtml,・ 方星海：推行绿色金融面临两个障碍
238,2017年会,2017,/2017nhhydt/32589.jhtml,・ 朱民：世界经济关联性的提高迫切要求跨国协调与治理
239,2017年会,2017,/2017nhhydt/32588.jhtml,・ 周小川：全球化有其自身不可阻挡的经济逻辑
240,2017年会,2017,/2017nhhydt/32587.jhtml,・ Jenny SHIPLEY：政府应提高回应民众期待的敏捷性
241,2017年会,2017,/2017nhhydt/32586.jhtml,・ 金立群：全球化是愿景，更是事实
242,2017年会,2017,/2017nhhydt/32585.jhtml,・ 袁辉：面对人工智能 中外各国都是“大海前的小朋友”
243,2017年会,2017,/2017nhhydt/32584.jhtml,・ Mike FROMAN：不可过度夸大G20财长声明对全球化的意义
244,2017年会,2017,/2017nhhydt/32583.jhtml,・ 刘振民：中国有能力与岛屿经济体重点在三方面开展合作
245,2017年会,2017,/2017nhhydt/32582.jhtml,・ 刘振民：岛屿经济体应抓住并把握好两大发展机遇
246,2017年会,2017,/2017nhhydt/32581.jhtml,・ 白石隆：应加快推进RCEP等亚洲自贸协定谈判
247,2017年会,2017,/2017nhhydt/32580.jhtml,・ 拉法兰：每个国家都须变革，以适应这个新的世界
248,2017年会,2017,/2017nhhydt/32579.jhtml,・ 吴作栋：应当有效管理全球化的负面因素
249,2017年会,2017,/2017nhhydt/32577.jhtml,・ Peter M. Christian：呼吁各方紧密合作，不让任何一个社区被排除在21世纪...
250,2017年会,2017,/2017nhhydt/32578.jhtml,・ Manuel Caldeira CABRAL：欧元区货币政策不应被“束缚手脚”
251,2017年会,2017,/2017nhhydt/32576.jhtml,・ 张首晟：人类走向下一步需要数据与算法的合作
252,2017年会,2017,/2017nhhydt/32566.jhtml,・ 王小川： 对于人工智能在中国的发展持乐观态度
253,2017年会,2017,/2017nhhydt/32537.jhtml,・ 王小川：人工智能其实就是“机器学习”
254,2017年会,2017,/2017nhhydt/32522.jhtml,・ 鲁白：人工智能要发展需与脑科学互动互通
255,2017年会,2017,/2017nhhydt/32512.jhtml,・ 鲁白：人工智能将取代人类？绝对不可能！
256,2017年会,2017,/2017nhhydt/32505.jhtml,・ Ben Goertzel:通用人工智能将会带来更多经济效益
257,2017年会,2017,/2017nhhydt/32503.jhtml,・ Ben Goertzel:未来人工智能需要物理学、生物学、生命科学的有机融合
258,2017年会,2017,/2017nhhydt/32501.jhtml,・ 沙特基础工业董事长萨乌德亲王：汇聚亚洲国家努力，形成良性补充
259,2017年会,2017,/2017nhhydt/32474.jhtml,・ AIM Ann：“一带一路”战略鼓舞人心
260,2017年会,2017,/2017nhhydt/32454.jhtml,・ 缅甸联邦共和国副总统敏瑞：缅甸正在融入全球经济
261,2017年会,2017,/2017nhhydt/32443.jhtml,・ 尼泊尔总理：尼泊尔已在经历政治里程碑之后进入经济转型时期
262,2017年会,2017,/2017nhhydt/32429.jhtml,・ 密克罗尼西亚总统：希望大国更多了解小国对全球化的诉求
263,2017年会,2017,/2017nhhydt/32415.jhtml,・ 马达加斯加总统：希望能够参与到“一带一路”中
264,2017年会,2017,/2017nhhydt/32414.jhtml,・ 刘赐贵：关于抓住“一带一路”建设重大机遇、进一步深化海洋经济、海洋事...
265,2017年会,2017,/2017nhhydt/32411.jhtml,・ 法扎勒・哈迪・穆斯利姆亚尔：“一带一路”将使阿富汗重拾昔日丝绸之路伟大...
266,2017年会,2017,/2017nhhydt/32384.jhtml,・ 董文标：“一带一路”战略意义重大
267,2017年会,2017,/2017nhhydt/32375.jhtml,・ 张高丽：中国对世界的大门始终打开，而且会越开越大
268,2017年会,2017,/2017nhhydt/32360.jhtml,・ 张高丽：今年实际工作中要争取比6.5%更好的经济增长结果
269,2017年会,2017,/2017nhhydt/32353.jhtml,・ 张高丽：打造亚洲和人类命运共同体的五点建议
270,2017年会,2017,/2017nhhydt/32349.jhtml,・ 张高丽：亚洲不断从全球价值链的中低端迈向中高端
271,2017年会,2017,/2017nhhydt/32346.jhtml,・ 张高丽：亚洲国家抓住全球化机遇创造 “亚洲奇迹” 
272,2017年会,2017,/2017nhhydt/32338.jhtml,・ 福田康夫：须认真对待反全球化声音
273,2017年会,2017,/2017nhhydt/32183.jhtml,・ 王俊：生命是另一种以碳为基础的语言体系
274,2017年会,2017,/2017nhhydt/32182.jhtml,・ Michael TRESCHOW：用数据挖掘者需求 用数据改善产品
275,2017年会,2017,/2017nhhydt/32181.jhtml,・ Kevin KAWASAKI：数据和技术可以把人类带到更好的境界
276,2017年会,2017,/2017nhhydt/32180.jhtml,・ 洪小文：大数据的弊端 ―― “世界就是这么回事” 
277,2017年会,2017,/2017nhhydt/32179.jhtml,・ 洪小文：数据分析最关键最困难的环节――因果关系
278,2017年会,2017,/2017nhhydt/32178.jhtml,・ 洪小文：大数据四大作用帮助每一个行业
279,2017年会,2017,/2017nhhydt/32177.jhtml,・ 刘世锦：城市可以搞长期公共住房租赁解决高房价的矛盾
280,2017年会,2017,/2017nhhydt/32176.jhtml,・ 姚洋：政府没有必要管理房价
281,2017年会,2017,/2017nhhydt/32172.jhtml,・ 崔晓波：传统企业亟待建立数据闭环 用数据驱动决策
282,2017年会,2017,/2017nhhydt/32171.jhtml,・ 崔晓波：数据的价值在于把数据变成行动
283,2017年会,2017,/2017nhhydt/32153.jhtml,・ 王中磊：国内文化遗产保护工作有待加强
284,2017年会,2017,/2017nhhydt/32152.jhtml,・ 汪峰：保护、传承到发扬是文明古国到文创强国的必经之路
285,2017年会,2017,/2017nhhydt/32151.jhtml,・ 唐军：科技进步与文创发展息息相关
286,2017年会,2017,/2017nhhydt/32131.jhtml,・ 单霁翔：文创发展过程中 政策支持比资金支持更重要
287,2017年会,2017,/2017nhhydt/32130.jhtml,・ 朱钦骐：原创性是中国文化走向全球的关键 
288,2017年会,2017,/2017nhhydt/32129.jhtml,・ 蔡继明：地票交易可以在集体所有制单位之间进行，不必采取政府征收土地的...
289,2017年会,2017,/2017nhhydt/32128.jhtml,・ 姚洋：农村面临比较大的问题是农庄整改问题
290,2017年会,2017,/2017nhhydt/32127.jhtml,・ 温铁军：土地改革的顶层设计涉及两个现实问题
291,2017年会,2017,/2017nhhydt/32126.jhtml,・ 刘世锦：为解决北京交通拥堵支招
292,2017年会,2017,/2017nhhydt/32125.jhtml,・ 刘世锦：改革就是创新，创新就是试错的过程
293,2017年会,2017,/2017nhhydt/32124.jhtml,・ 蔡继明：集体土地入市的核心是宅基地的入市
294,2017年会,2017,/2017nhhydt/32123.jhtml,・ Jan RINNERT：从百年家族历史看中小企业发展的三点关注
295,2017年会,2017,/2017nhhydt/32122.jhtml,・ Brian COULTON:中国债务比重相比其他新兴经济体不算高
296,2017年会,2017,/2017nhhydt/32121.jhtml,・ 中美CEO对话博鳌
297,2017年会,2017,/2017nhhydt/32120.jhtml,・ 李扬：去杠杆在技术上是容易处理的，现在要防止的是反复
298,2017年会,2017,/2017nhhydt/32119.jhtml,・ 朱民：去杠杆从来都不是一件容易的事情，涉及债务重组、国企改革甚至社会...
299,2017年会,2017,/2017nhhydt/32118.jhtml,・ 蒋锡培：成为“隐形冠军”，需要培养系统性竞争优势
300,2017年会,2017,/2017nhhydt/32116.jhtml,・ Andrea COSTANTINI：亚洲的“隐形冠军”需要提升金融领域的力量
301,2017年会,2017,/2017nhhydt/32113.jhtml,・ Sonia Bonfiglioli：成为“隐形冠军”的五点认识
302,2017年会,2017,/2017nhhydt/32111.jhtml,・ 姚洋：控制房价、提高供给的最好的办法是扩大容积率
303,2017年会,2017,/2017nhhydt/32110.jhtml,・ 姚洋：集体土地所有制度最大的优势就是提供一种社会保障
304,2017年会,2017,/2017nhhydt/32109.jhtml,・ 温铁军：讨论土地制度的立足点取决于从哪个利益团体出发
305,2017年会,2017,/2017nhhydt/32107.jhtml,・ 刘世锦：土地制度不改革，中国将会很难保持平稳增长
306,2017年会,2017,/2017nhhydt/32106.jhtml,・ 刘世锦：解决高房价问题，不能仅仅在需求侧采取措施
307,2017年会,2017,/2017nhhydt/32105.jhtml,・ 蔡继明：现行土地制度的三大弊端
308,2017年会,2017,/2017nhhydt/32102.jhtml,・ Kevin TSUJIHARA：下一阶段会使用VR“讲故事”
309,2017年会,2017,/2017nhhydt/32101.jhtml,・ Tim SWEENEY：VR在社交领域拥有广阔的应用前景
310,2017年会,2017,/2017nhhydt/32100.jhtml,・ Bernard CHARLES：VR技术在职业教育领域有广阔应用前景
311,2017年会,2017,/2017nhhydt/32099.jhtml,・ 王雪红：虚拟现实会成为万亿美元级别的大市场
312,2017年会,2017,/2017nhhydt/32098.jhtml,・ 王雪红：虚拟现实能提升教育质量
313,2017年会,2017,/2017nhhydt/32097.jhtml,・ 赵沁平：虚拟现实一定是人类未来的发展方向
314,2017年会,2017,/2017nhhydt/32095.jhtml,・ 赵沁平：VR产业发展有两个瓶颈
315,2017年会,2017,/2017nhhydt/32094.jhtml,・ 陈德铭：中国的VR领域会朝垂直市场发展
316,2017年会,2017,/2017nhhydt/32093.jhtml,・ 陈德铭：VR还有比较长的路要走
317,2017年会,2017,/2017nhhydt/32092.jhtml,・ 陈德铭：VR市场有一些泡沫
318,2017年会,2017,/2017nhhydt/32091.jhtml,・ Josh WALDEN：未来的VR不仅可以看可以听，还可以嗅可以摸
319,2017年会,2017,/2017nhhydt/32076.jhtml,・ 郝景芳：回顾历史能对当今文明产生更深理解
320,2017年会,2017,/2017nhhydt/32075.jhtml,・ 汪峰：一切创新都基于对优秀传统的理解
321,2017年会,2017,/2017nhhydt/32071.jhtml,・ Ellen RICHEY：区块链技术将与现有的技术共同竞争，促进金融转型
322,2017年会,2017,/2017nhhydt/32053.jhtml,・ 时文朝：区块链技术取得实质性进展有赖于中心化大机构的推动
323,2017年会,2017,/2017nhhydt/32052.jhtml,・ 时文朝：技术体系和业务体系相结合才能找着区块链技术的应用领域
324,2017年会,2017,/2017nhhydt/32029.jhtml,・ 俞妥迹2017年全球石油需求预期增加140万桶/天
325,2017年会,2017,/2017nhhydt/32028.jhtml,・ 中外能源领袖热议国际能源问题
326,2017年会,2017,/2017nhhydt/31997.jhtml,・ 蔡冠深：香港应与大陆共建“一带一路”
327,2017年会,2017,/2017nhhydt/31996.jhtml,・ Patrick LOW：香港服务业可为大陆提供新的增长引擎
328,2017年会,2017,/2017nhhydt/31995.jhtml,・ 陈茂波：香港参与“一带一路”建设有独特优势
329,2017年会,2017,/2017nhhydt/31994.jhtml,・ 陈坤耀：亚洲的渐进方式推进经济全球化更有效
330,2017年会,2017,/2017nhhydt/31993.jhtml,・ Anthony NIGHTINGALE：政府要管理好全球化带来的冲击
331,2017年会,2017,/2017nhhydt/31992.jhtml,・ 梁振英：没有人会成为贸易战的赢家
332,2017年会,2017,/2017nhhydt/31990.jhtml,・ Ernie THRASHER：继续看好未来大宗商品市场
333,2017年会,2017,/2017nhhydt/31989.jhtml,・ 巴曙松：监管机构应建立与金融机构激励相容的机制
334,2017年会,2017,/2017nhhydt/31988.jhtml,・ 孙贤胜：未来油价不会再高于100美元，也不会再暴跌
335,2017年会,2017,/2017nhhydt/31973.jhtml,・ 李若谷：对金融业的过度监管恐影响经济健康发展
336,2017年会,2017,/2017nhhydt/31912.jhtml,・ Ryozo HIMINO：监管机构泛滥可能导致监管效果的弱化
337,2017年会,2017,/2017nhhydt/31904.jhtml,・ 吴晓灵：金融系统加强宏观审慎管理的三点建议
338,2017年会,2017,/2017nhhydt/31867.jhtml,・ Mike WELLS：金融监管需顾及参与主体多元化风险
339,2017年会,2017,/2017nhhydt/31860.jhtml,・ Dave RAMSDEN：英国希望能把财政赤字降低到3%以下
340,2017年会,2017,/2017nhhydt/31857.jhtml,・ Girish RAMACHANDRAN：区块链技术为数据安全性和民主性提供解决方案
341,2017年会,2017,/2017nhhydt/31850.jhtml,・ Dame Jenny SHIPLEY：新西兰格外关注投资
342,2017年会,2017,/2017nhhydt/31847.jhtml,・ Thomas Trikasih LEMBONG：投资要要靠私营资金，不能只依赖政府
343,2017年会,2017,/2017nhhydt/31839.jhtml,・ Max S.BAUCUS：特朗普的大规模基础设施投资和减税政策不太可能在国会通过
344,2017年会,2017,/2017nhhydt/31830.jhtml,・ James STONE：信息披露有利于增强监管有效性
345,2017年会,2017,/2017nhhydt/31812.jhtml,・ 张燕生：亚洲2017年有五个最有增长前景的行业
346,2017年会,2017,/2017nhhydt/31806.jhtml,・ Ian JOHNSTON：世界金融体系改革十年，收获五大经验
347,2017年会,2017,/2017nhhydt/31808.jhtml,・ Hans-Paul Bürkner：企业参与亚洲经济要关注四个方面
348,2017年会,2017,/2017nhhydt/31804.jhtml,・ 李扬：中国保持自身稳定便是对亚洲最大的贡献
349,2017年会,2017,/2017nhhydt/31796.jhtml,・ Carlos Gutierrez：亚洲经济可以绕过其他地区犯过的错误
350,2017年会,2017,/2017nhhydt/31795.jhtml,・ 李礼辉：中国有望更早在区块链领域取得实质性突破和成果
351,2017年会,2017,/2017nhhydt/31793.jhtml,・ 中外政商对话博鳌
352,2017年会,2017,/2017nhhydt/31792.jhtml,・ Stephen P.GROFF：基础设施并不是反周期性投资
353,2017年会,2017,/2017nhhydt/31790.jhtml,・ 朱民：2017年亚洲经济的主要挑战在外部
354,2017年会,2017,/2017nhhydt/31785.jhtml,・ 李礼辉：区块链技术有改变金融的潜力
355,2017年会,2017,/2017nhhydt/31783.jhtml,・ 李礼辉：区块链技术应当与大数据技术和人工智能结合发展
356,2017年会,2017,/2017nhhydt/31779.jhtml,・ “中国-东盟省市长对话”签署友城结好协议
357,2017年会,2017,/2017nhhydt/31754.jhtml,・ 王路：海南省教育水平和教育公平有明显提升
358,2017年会,2017,/2017nhhydt/31751.jhtml,・ 貌貌梭：缅甸愿与中国开展教育合作 
359,2017年会,2017,/2017nhhydt/31748.jhtml,・ 刘锦：进一步丰富中国与东盟的教育交流，提升教育合作水平
360,2017年会,2017,/2017nhhydt/31746.jhtml,・ 陈少荣：推动中国-东盟教育交流合作的两点建议
361,2017年会,2017,/2017nhhydt/31727.jhtml,・ 刘伟：中国目前的债务风险可控
362,2017年会,2017,/2017nhhydt/31726.jhtml,・ 张卫：推动中国-东盟旅游合作快速发展的3点建议
363,2017年会,2017,/2017nhhydt/31725.jhtml,・ 赵海山：中国-东盟沿海港口城市应建立合作关系
364,2017年会,2017,/2017nhhydt/31723.jhtml,・ 氏家纯一：中国资本外流是恢复平衡和健康的过程
365,2017年会,2017,/2017nhhydt/31713.jhtml,・ Bernard CHARLES：中小企业是第四次工业革命继续驱动的因素
366,2017年会,2017,/2017nhhydt/31711.jhtml,・ 吴乐斌：第五次工业革命将是生命革命
367,2017年会,2017,/2017nhhydt/31708.jhtml,・ Niklas GUSTAFSSON：第四次工业革命的互通互联中，社会的主角永远是人
368,2017年会,2017,/2017nhhydt/31705.jhtml,・ Bernard CHARLES：中国产能过剩和制造业重复需要靠想象力来解决
369,2017年会,2017,/2017nhhydt/31704.jhtml,・ 张宏涛：直播只是UPGC的一种内容形态
370,2017年会,2017,/2017nhhydt/31702.jhtml,・ Ajit RANADE：美联储非传统货币政策让新兴市场更谨慎
371,2017年会,2017,/2017nhhydt/31700.jhtml,・ Benedikt SOBOTKA：中国就是哈萨克斯坦的“海洋”
372,2017年会,2017,/2017nhhydt/31697.jhtml,・ 田行智：互动性为直播内容生产带来革命
373,2017年会,2017,/2017nhhydt/31694.jhtml,・ Bernard CHARLES：未来不再是产品经济，而是体验经济
374,2017年会,2017,/2017nhhydt/31693.jhtml,・ Niklas GUSTAFSSON：建设绿色、可持续性经济，新技术能够帮上忙
375,2017年会,2017,/2017nhhydt/31691.jhtml,・ Tim SWEENEY：依托实体经济，虚拟经济可以带来无数机会
376,2017年会,2017,/2017nhhydt/31688.jhtml,・ 曾庆洪：智能制造和智能产品会带来很多新问题
377,2017年会,2017,/2017nhhydt/31675.jhtml,・ 李伦：直播经济发展离不开政府监管与企业自律
378,2017年会,2017,/2017nhhydt/31671.jhtml,・ James McCormack：新兴市场抵御利率变化冲击的能力更弱
379,2017年会,2017,/2017nhhydt/31670.jhtml,・ 奉佑生：直播经济在2017年会更加精彩和多元化
380,2017年会,2017,/2017nhhydt/31669.jhtml,・ 奉佑生：认为直播门槛很低是一种误解 
381,2017年会,2017,/2017nhhydt/31668.jhtml,・ 陈洲：直播市场最后能留下来的是多才多艺而且又幽默的优质主播
382,2017年会,2017,/2017nhhydt/31667.jhtml,・ 陈洲：直播经济未来两年会理性
383,2017年会,2017,/2017nhhydt/31666.jhtml,・ 杨秀萍：中国-东盟旅游合作推动“一带一路”建设
384,2017年会,2017,/2017nhhydt/31665.jhtml,・ Benedikt SOBOTKA：大宗商品市场对中国消费更为乐观
385,2017年会,2017,/2017nhhydt/31664.jhtml,・ 杨秀萍：中国-东盟旅游合作需要各方积极拓展新模式
386,2017年会,2017,/2017nhhydt/31663.jhtml,・ 蔡朝林：强化中国-东盟旅游合作的三点建议
387,2017年会,2017,/2017nhhydt/31656.jhtml,・ 泡芙・皮赛斯：通过信息透明和友好合作拓展旅游市场
388,2017年会,2017,/2017nhhydt/31653.jhtml,・ 泡芙・皮赛斯：柬埔寨积极鼓励旅游领域的私人投资
389,2017年会,2017,/2017nhhydt/31649.jhtml,・ Shaukat AZIZ：新兴市场经济体表现不佳时不应将问题归咎于其他大国
390,2017年会,2017,/2017nhhydt/31648.jhtml,・ Nicholas LARDY：对中国资本账户自由化持乐观态度
391,2017年会,2017,/2017nhhydt/31646.jhtml,・ 中外创客对话博鳌
392,2017年会,2017,/2017nhhydt/31645.jhtml,・ 李扬：引导金融“脱虚向实”，关键在于提高实体经济的效率
393,2017年会,2017,/2017nhhydt/31644.jhtml,・ 山世光：技术或将消除社群间的隔阂
394,2017年会,2017,/2017nhhydt/31640.jhtml,・ 刘赐贵：加强中国-东盟旅游、教育合作的三点建议
395,2017年会,2017,/2017nhhydt/31634.jhtml,・ Grant McPherson：汽车制造企业建立内部团队的三个原则
396,2017年会,2017,/2017nhhydt/31616.jhtml,・ 西林隆:汽车召回要遵循三个原则
397,2017年会,2017,/2017nhhydt/31598.jhtml,・ 曾庆洪：实体经济未来10年或5年会发生真正的革命
398,2017年会,2017,/2017nhhydt/31595.jhtml,・ 吴乐斌：中国科技创新体系缺乏两个结构
399,2017年会,2017,/2017nhhydt/31592.jhtml,・ 吴乐斌：第四次工业革命的关键词是绿色革命
400,2017年会,2017,/2017nhhydt/31589.jhtml,・ Hans Georg ENGEL：质量是汽车企业最核心的价值观
401,2017年会,2017,/2017nhhydt/31590.jhtml,・ Tim SWEENEY：第四次工业革命跨越实体与虚拟的边界
402,2017年会,2017,/2017nhhydt/31588.jhtml,・ Niklas GUSTAFSSON：要理解第四次工业革命最重要的是要理解虚拟现实如何...
403,2017年会,2017,/2017nhhydt/31587.jhtml,・ Bernard CHARLES：要理解第四次工业革命就要理解真实世界和虚拟世界的融合
404,2017年会,2017,/2017nhhydt/31586.jhtml,・ 吴汉东：中国制造之痛，痛在知识产权
405,2017年会,2017,/2017nhhydt/31582.jhtml,・ 吴汉东：世界科创中心将形成东亚、西欧、北美三足鼎立新格局
406,2017年会,2017,/2017nhhydt/31580.jhtml,・ Dave L.SCHOCH：所有汽车制造企业都应建立召回机制
407,2017年会,2017,/2017nhhydt/31577.jhtml,・ 王彬颖：中国PCT专利跻身世界前三甲
408,2017年会,2017,/2017nhhydt/31575.jhtml,・ 申长雨：中国知识产权改革――一个遵循、两个有利于、三个符合
409,2017年会,2017,/2017nhhydt/31572.jhtml,・ 申长雨：知识产权保护和运用个有三个重点
410,2017年会,2017,/2017nhhydt/31570.jhtml,・ 李剑阁：债转股应该是能治病的苦药，而不是补药
411,2017年会,2017,/2017nhhydt/31567.jhtml,・ Derek ABERLE：透明、可预期、连续的政策制度安排有利于创新
412,2017年会,2017,/2017nhhydt/31561.jhtml,・ 蔡h思：求同存异有助于社群融合
413,2017年会,2017,/2017nhhydt/31563.jhtml,・ 陈志武：杠杆过高与政治介入有很大关系
414,2017年会,2017,/2017nhhydt/31559.jhtml,・ 张夕勇: 中国自主品牌对召回制度充满信心
415,2017年会,2017,/2017nhhydt/31545.jhtml,・ Michael R. GRUPE：资产证券化过程中犯错误不可避免
416,2017年会,2017,/2017nhhydt/31539.jhtml,・ Jim STONE：下一个危机不是房地产或证券化本身
417,2017年会,2017,/2017nhhydt/31530.jhtml,・ 支树平：召回制度监督企业提升汽车质量
418,2017年会,2017,/2017nhhydt/31526.jhtml,・ Benedikt SOBOTKA：面对面交流有助于提升社群的适应性
419,2017年会,2017,/2017nhhydt/31524.jhtml,・ 张旭阳：资产证券化需要更加尽职尽责的信息披露
420,2017年会,2017,/2017nhhydt/31519.jhtml,・ Jim STONE：资产证券化就像汽车，要有刹车和方向盘
421,2017年会,2017,/2017nhhydt/31517.jhtml,・ 李剑阁：本轮债转股需要深刻总结和反思历史
422,2017年会,2017,/2017nhhydt/31503.jhtml,・ 李扬：新常态下，政府功能是创造环境而非干预市场
423,2017年会,2017,/2017nhhydt/31508.jhtml,・ Michael R. GRUPE：合理正确的组合才能让资产证券化为经济服务
424,2017年会,2017,/2017nhhydt/31495.jhtml,・ 李骏：消费者在汽车召回中要做好三件事
425,2017年会,2017,/2017nhhydt/31500.jhtml,・ 陈志武：资产证券化不能因噎废食
426,2017年会,2017,/2017nhhydt/31442.jhtml,・ Anisha SINGH：跨境新社群时代需要创业精神
427,2017年会,2017,/2017nhhydt/31419.jhtml,・ Chris MARLIN：沟通对社群至关重要
428,2017年会,2017,/2017nhhydt/31417.jhtml,・ Alexey CHEKUNKOV：用新话题推动社群的包容性发展
429,2017年会,2017,/2017nhhydt/31414.jhtml,・ 戴威：未来的社群更趋小众
430,2017年会,2017,/2017nhhydt/31413.jhtml,・ 嵇小华：小众话题可放大成社群
431,2017年会,2017,/2017nhhydt/31412.jhtml,・ 邹市明：和而不同的理念对社群越发重要
432,2017年会,2017,/2017nhhydt/31411.jhtml,・ Krishan BALENDRA：技术有助于扩大社群规模
433,2017年会,2017,/2017nhhydt/31408.jhtml,・ 郝景芳：不同社群的人需要迈出各自的小圈子
434,2017年会,2017,/2017nhhydt/31407.jhtml,・ 伊万・巴利亚科夫：新时代呼唤新的媒体形式
435,2017年会,2017,/2017nhhydt/31406.jhtml,・ 杨燕青：亚洲“发声”要与全球化推进相辅相成
436,2017年会,2017,/2017nhhydt/31405.jhtml,・ Kent CALDER：美国与IMF矛盾在增加，保护主义会向金融领域蔓延
437,2017年会,2017,/2017nhhydt/31404.jhtml,・ 刘志光：社群，尊重分化就是真正的融合
438,2017年会,2017,/2017nhhydt/31403.jhtml,・ 徐一龙：用人工智能算法分发新闻提升亚洲媒体影响力
439,2017年会,2017,/2017nhhydt/31399.jhtml,・ 刘志光：社群赋予人们新角色，满足人们新需求
440,2017年会,2017,/2017nhhydt/31398.jhtml,・ Thomas LEMBONG：亚洲金融危机推动了印尼的民主化
441,2017年会,2017,/2017nhhydt/31397.jhtml,・ Ryozo HIMINO：亚洲出现了应对金融危机的更加灵活的区域性工具
442,2017年会,2017,/2017nhhydt/31396.jhtml,・ 肯・顾纳瓦：中国应该设立一个亚洲媒体合作办事机构
443,2017年会,2017,/2017nhhydt/31395.jhtml,・ 谢青：全球性竞争需要长期投资和持续创新
444,2017年会,2017,/2017nhhydt/31394.jhtml,・ 葛玮：亚洲媒体可致力打造电子商务平台
445,2017年会,2017,/2017nhhydt/31393.jhtml,・ 葛玮：媒体应实现内容共享，搭建信息平台和创新传播方式
446,2017年会,2017,/2017nhhydt/31392.jhtml,・ 毕德尔・巴雅尔赛罕：亚洲媒体合作组织相关细则基础样本已拟好
447,2017年会,2017,/2017nhhydt/31391.jhtml,・ 郭卫民：四点建议助力“一带一路”框架下的媒体合作
448,2017年会,2017,/2017nhhydt/31371.jhtml,・ Logan ALLIN：复制硅谷本身是一个无效举动 
449,2017年会,2017,/2017nhhydt/31370.jhtml,・ 张亚勤：中国已走在全球创新前列
450,2017年会,2017,/2017nhhydt/31369.jhtml,・ 珍妮・希普利：努力让世界听到亚洲声音 
451,2017年会,2017,/2017nhhydt/31368.jhtml,・ 张九桓：发挥媒体力量，为亚洲与世界和平发展夯实民意基础
452,2017年会,2017,/2017nhhydt/31367.jhtml,・ 王庚年：任何不嫁接移动互联网的媒体都可能失去未来
453,2017年会,2017,/2017nhhydt/31366.jhtml,・ 王庚年：以合作共赢激发亚洲媒体新活力、提升亚洲媒体传播力
454,2017年会,2017,/2017nhhydt/31365.jhtml,・ 李剑阁：以色列上市企业高管有70%毕业于这家学校
455,2017年会,2017,/2017nhhydt/31364.jhtml,・ 王彬颖：创新的关键在于创新的生态环境
456,2017年会,2017,/2017nhhydt/31324.jhtml,"・ 孙茂华：度过""资本寒冬""的三个关键点"
457,2017年会,2017,/2017nhhydt/31304.jhtml,・ Anisha SINGH：游戏频道+虚拟现实更受投资者欢迎
458,2017年会,2017,/2017nhhydt/31275.jhtml,・ Paul BRAGIEL：高科技农业将成井喷式发展
459,2017年会,2017,/2017nhhydt/31271.jhtml,・ 民营企业：走出去、走进去、走上去
460,2017年会,2017,/2017nhhydt/31269.jhtml,・ James W. BREYER：从基层开始挖掘高端创业人才
461,2017年会,2017,/2017nhhydt/31268.jhtml,・ 唐万里：创业的关键是要衡量产品价值
462,2017年会,2017,/2017nhhydt/31267.jhtml,・ 张旭豪：资本回归理性，创业不应该只是为了获取投资
463,2017年会,2017,/2017nhhydt/31266.jhtml,・ Brian COULTON：1997年亚洲金融危机对今日世界有四点教训
464,2017年会,2017,/2017nhhydt/31265.jhtml,・ Jonathan CHOI：香港资本市场自我修复能力正在大幅提升
465,2017年会,2017,/2017nhhydt/31264.jhtml,・ 蔡鄂生：加强区域经济合作，共同构建人类命运共同体
466,2017年会,2017,/2017nhhydt/31262.jhtml,・ 刘良：教育要有前瞻性
467,2017年会,2017,/2017nhhydt/31261.jhtml,・ 单霁翔：工匠精神关键在传承
468,2017年会,2017,/2017nhhydt/31260.jhtml,・ 野俊明：工匠精神需要师徒传承
469,2017年会,2017,/2017nhhydt/31259.jhtml,・ 卢敏放：工匠精神就是价值观
470,2017年会,2017,/2017nhhydt/31258.jhtml,・ Aldo FUMAGALLI：中国数字匠人很出色
471,2017年会,2017,/2017nhhydt/31257.jhtml,・ Michael Fübi：工匠精神呼唤职业教育持续投入
472,2017年会,2017,/2017nhhydt/31256.jhtml,・ 陈文琦：工匠精神和科技创新都是经济社会发展的推动力量
473,2017年会,2017,/2017nhhydt/31255.jhtml,・ 邱勇：慕克教育不能取代教师的言传身教
474,2017年会,2017,/2017nhhydt/31252.jhtml,・ 李剑阁：大学教育的管理制度比教学科研内容更需要创新
475,2017年会,2017,/2017nhhydt/31250.jhtml,・ 朴承哲：中国需要建设一个强大而有活力的文化市场
476,2017年会,2017,/2017nhhydt/31249.jhtml,・ 邱勇：大学最重要的改革是教育教学改革
477,2017年会,2017,/2017nhhydt/31248.jhtml,・ Kelvin TEO：金融科技行业面临个人隐私保护与数据保存两大问题
478,2017年会,2017,/2017nhhydt/31247.jhtml,・ 刘良：未来教育的关键是延伸课堂教育
479,2017年会,2017,/2017nhhydt/31246.jhtml,・ 马蔚华：金融科技应有益于实体经济的发展
480,2017年会,2017,/2017nhhydt/31245.jhtml,・ 朴承哲：刷屏时代的孩子未来可能不用去学校学习
481,2017年会,2017,/2017nhhydt/31244.jhtml,・ 刘实：金融科技2.0是对数据的更深度利用
482,2017年会,2017,/2017nhhydt/31234.jhtml,・ Shun KORENAGA：课堂教育、面对面教学仍然很重要
483,2017年会,2017,/2017nhhydt/31231.jhtml,・ 李东荣：金融科技行业应坚守风险防范底线
484,2017年会,2017,/2017nhhydt/31217.jhtml,・ Elle KIM：跨国界监管将成为未来金融科技一大风险
485,2017年会,2017,/2017nhhydt/31216.jhtml,・ 邱勇：未来大学的最大特征是开放性和国际化
486,2017年会,2017,/2017nhhydt/31214.jhtml,・ 计葵生：传统数据需与新型大数据相结合
487,2017年会,2017,/2017nhhydt/31208.jhtml,・ 刘良：教育要先行，人才是关键
488,2017年会,2017,/2017nhhydt/31186.jhtml,・ 陈生强：真正的金融科技应尊重金融的本质
489,2017年会,2017,/2017nhhydt/31154.jhtml,・ 胡滨：中国在互联网金融领域排名世界第一，国际化是必然趋势
490,2017年会,2017,/2017nhhydt/31151.jhtml,・ 胡滨：“智能投顾”或是2017年互联网金融领域最大的“黑天鹅”
491,2017年会,2017,/2017nhhydt/31132.jhtml,・ 胡滨：创新监管新机制，引入中国版“监管沙盒”
492,2017年会,2017,/2017nhhydt/31131.jhtml,・ 胡滨：中国互联网金融健康可持续发展十原则
493,2017年会,2017,/2017nhhydt/31130.jhtml,・ 胡滨：金融创新与规范发展成为今年互联网金融主题
494,2017年会,2017,/2017nhhydt/31129.jhtml,・ 王军：中国整体经济活力和竞争力依然排在亚洲首位
495,2017年会,2017,/2017nhhydt/31128.jhtml,・ 王军：亚洲主要经济体2016年度综合竞争力排名维持相对稳定，中国排名第九
496,2017年会,2017,/2017nhhydt/31127.jhtml,・ 林桂军：全球价值链可能出现危机
497,2017年会,2017,/2017nhhydt/31126.jhtml,・ 姚枝仲：新兴经济体宏观经济形势趋于稳定，但脆弱性提高
498,2017年会,2017,/2017nhhydt/31125.jhtml,・ 周文重：“一带一路”是本次博鳌论坛的重要议题
499,2017年会,2017,/2017nhhydt/31124.jhtml,・ 周文重：全球化到了一个关口，共商共建共享办法，走出一条新路
500,2017年会,2017,/2017nhhydt/31079.jhtml,・ 周文重秘书长：逆全球化是短视行为 各国更应同舟共济
501,2017年会,2017,/2017nhhydt/31059.jhtml,・ 重要通知
502,2017年会,2017,/2017nhhydt/31013.jhtml,・ 中国国务院副总理张高丽将应邀出席博鳌亚洲论坛2017年年会
503,2017年会,2017,/2017nhhydt/31012.jhtml,・ 为人类共同的命运鼓与呼
504,2017年会,2017,/2017nhhydt/30953.jhtml,・ 直面全球化与自由贸易的未来--博鳌亚洲论坛2017年年会议程确定
505,2017年会,2017,/2017nhhydt/30392.jhtml,・ 探索变革中的机遇与挑战――博鳌亚洲论坛新年首场会员活动聚焦全球经济2017
506,2017  巴黎会议,2017-09-16,/bldt/35343.jhtml,法国总统马克龙会见曾培炎副理事长
507,2017  巴黎会议,2017-09-16,/bldt/35355.jhtml,携手“一带一路”开创亚欧共同发展新时代
508,2017  巴黎会议,2017-09-16,/bldt/35357.jhtml,热拉尔・拉尔歇参议长在博鳌亚洲论坛巴黎会议上的主旨演讲
509,2017  巴黎会议,2017-09-16,/bldt/35354.jhtml,让-皮埃尔・拉法兰在博鳌亚洲论坛巴黎会议开幕式上的讲话
510,2017  巴黎会议,2017-09-15,/bldt/35294.jhtml,周文重秘书长在巴黎会议欢迎晚宴上的致辞
511,2017  巴黎会议,2017-09-15,/bldt/35293.jhtml,法国外交和欧洲事务部国务秘书让-巴普蒂斯特・勒穆瓦耶在欢迎晚宴上的致辞
512,2017  巴黎会议,2017-09-15,/bldt/35278.jhtml,中国驻法国大使翟隽在博鳌亚洲论坛巴黎会议欢迎晚宴上的致辞
513,2017  巴黎会议,2017-09-22,/bljb/35385.jhtml,分论坛3：金融与创新
514,2017  巴黎会议,2017-09-22,/bljb/35384.jhtml,分论坛2：贸易与投资
515,2017  巴黎会议,2017-09-21,/bljb/35381.jhtml,分论坛1：基础设施先行
516,2017  巴黎会议,2017-09-20,/bldt/35414.jhtml, 综述：博鳌论坛巴黎会议聚焦“一带一路”对接亚欧发展战略
517,2017  巴黎会议,2017-09-16,/bldt/35375.jhtml,David WRIGHT：人民币国际化对“一带一路”成功至关重要
518,2017  巴黎会议,2017-09-16,/bldt/35374.jhtml,David WRIGHT：欧元区市场应该抓住“一带一路”重要机遇
519,2017  巴黎会议,2017-09-16,/bldt/35373.jhtml,时文朝：人民币国际化是自然而然的过程
520,2017  巴黎会议,2017-09-16,/bldt/35372.jhtml,时文朝：为“一带一路”沿线人民提供普惠金融
521,2017  巴黎会议,2017-09-16,/bldt/35371.jhtml,Enzo QUATTROCIOCCHE：建立“一带一路”区域性金融中心
522,2017  巴黎会议,2017-09-16,/bldt/35370.jhtml, Enzo QUATTROCIOCCHE：“一带一路”融资要挖掘私营部门潜力
523,2017  巴黎会议,2017-09-16,/bldt/35369.jhtml,格罗斯曼：“一带一路”要鼓励各国发挥主观能动性
524,2017  巴黎会议,2017-09-16,/bldt/35368.jhtml,阿齐兹：数字银行是金融业真正的革命
525,2017  巴黎会议,2017-09-16,/bldt/35367.jhtml,阿齐兹：“一带一路”倡议没有隐藏意图
526,2017  巴黎会议,2017-09-16,/bldt/35366.jhtml,Penelope NAAS：重视女性创业在中小企业发展中的作用
527,2017  巴黎会议,2017-09-16,/bldt/35365.jhtml,张晓强：通信基础设施建设是中国数字技术快速发展的基石
528,2017  巴黎会议,2017-09-16,/bldt/35364.jhtml,张晓强：促进亚欧双向投资的三点建议
529,2017  巴黎会议,2017-09-16,/bldt/35363.jhtml,尤素夫・瓦南迪：中小企业参与“一带一路”建设必须重视新技术的作用
530,2017  巴黎会议,2017-09-16,/bldt/35362.jhtml,尤素夫・瓦南迪：“一带一路”倡议为重启新的多边主义贸易格局提供机会
531,2017  巴黎会议,2017-09-16,/bldt/35361.jhtml,屠光绍：电子商务有助于中小企业参与国际贸易
532,2017  巴黎会议,2017-09-16,/bldt/35360.jhtml,屠光绍：建立一个促进全球投资体系
533,2017  巴黎会议,2017-09-16,/bldt/35359.jhtml,Jean-Charles SIMON：“一带一路”倡议推进的核心困难是亚欧各国对相互性、安全性和信心三个关键词的理解不一样
534,2017  巴黎会议,2017-09-16,/bldt/35358.jhtml,Justin KING：运用新技术消除中小企业跨境贸易的障碍
535,2017  巴黎会议,2017-09-15,/bldt/35333.jhtml,Sok SIPHANA：“一带一路”倡议有为柬埔寨带来巨大的改变
536,2017  巴黎会议,2017-09-15,/bldt/35332.jhtml,王安：全球化匹配是资源分配的必然趋势
537,2017  巴黎会议,2017-09-15,/bldt/35351.jhtml,孙子宇：坚持共建共赢的合作理念
538,2017  巴黎会议,2017-09-15,/bldt/35330.jhtml,孙子宇：推动亚欧基础设施建设的三个重点
539,2017  巴黎会议,2017-09-15,/bldt/35329.jhtml,欧晓理：“一带一路”基础设施建设的三个关键
540,2017  巴黎会议,2017-09-15,/bldt/35328.jhtml,欧晓理：基础设施建设拉动各国经济复苏
541,2017  巴黎会议,2017-09-15,/bldt/35327.jhtml,Amer Z. DURRANI：中巴合作将互利共赢
542,2017  巴黎会议,2017-09-15,/bldt/35326.jhtml,Stéphane AVER：全球能源过渡阶段，技术突破是重点
543,2017  巴黎会议,2017-09-15,/bldt/35318.jhtml,曾培炎：亚欧共同“拼”出未来繁荣新图景
544,2017  巴黎会议,2017-09-15,/bldt/35307.jhtml,曾培炎：“一带一路”的核心是“共”字
545,2017  巴黎会议,2017-09-15,/bldt/35317.jhtml,热拉尔・拉尔歇：亚欧共同面对贸易保护主义
546,2017  巴黎会议,2017-09-15,/bldt/35316.jhtml,热拉尔・拉尔歇：丝绸之路取得成功的三个条件
547,2017  巴黎会议,2017-09-15,/bldt/35315.jhtml,拉法兰：“一带一路”是亚欧大陆共同的美好愿景
548,2017  巴黎会议,2017-09-15,/bldt/35277.jhtml,让-皮埃尔・拉法兰在欢迎晚宴上的致辞
549,2017  巴黎会议,2017-09-15,/bldt/35276.jhtml,博鳌亚洲论坛巴黎会议举行欢迎晚宴
550,2017  巴黎会议,2017-09-15,/bldt/35275.jhtml,博鳌亚洲论坛巴黎会议举行闭门会议
551,2017  巴黎会议,2017-09-09,/bldt/35232.jhtml,四大亮点解读博鳌亚洲论坛巴黎会议
552,2017  巴黎会议,2017-09-09,/bldt/35209.jhtml,王义桅：“一带一路”对接欧洲的三大要领
553,2017  巴黎会议,2017-09-06,/bldt/35191.jhtml,金融与创新―― “一带一路”：亚欧战略对接
554,2017  巴黎会议,2017-09-01,/bldt/35057.jhtml,贸易与投资――“一带一路”：亚欧战略对接
555,2017  巴黎会议,2017-08-28,/bldt/35054.jhtml,基础设施先行――“一带一路”：亚欧战略对接
556,2017  巴黎会议,2017-08-18,/bldt/35013.jhtml,博鳌亚洲论坛将在巴黎举办“‘一带一路’：亚欧战略对接”专题会议
